-- phpMyAdmin SQL Dump
-- version 5.2.1
-- https://www.phpmyadmin.net/
--
-- Host: 127.0.0.1
-- Generation Time: May 20, 2024 at 07:55 PM
-- Server version: 10.4.32-MariaDB
-- PHP Version: 8.2.12

SET SQL_MODE = "NO_AUTO_VALUE_ON_ZERO";
START TRANSACTION;
SET time_zone = "+00:00";


/*!40101 SET @OLD_CHARACTER_SET_CLIENT=@@CHARACTER_SET_CLIENT */;
/*!40101 SET @OLD_CHARACTER_SET_RESULTS=@@CHARACTER_SET_RESULTS */;
/*!40101 SET @OLD_COLLATION_CONNECTION=@@COLLATION_CONNECTION */;
/*!40101 SET NAMES utf8mb4 */;

--
-- Database: `asdf`
--

-- --------------------------------------------------------

--
-- Table structure for table `questions`
--

CREATE TABLE `questions` (
  `QuestionID` int(5) NOT NULL,
  `typeFlag` bit(1) NOT NULL,
  `question` varchar(1000) NOT NULL,
  `answer` varchar(1000) NOT NULL,
  `casesensitiveFlag` bit(1) NOT NULL,
  `score` int(3) DEFAULT NULL,
  `QuizID` int(5) DEFAULT NULL
) ENGINE=InnoDB DEFAULT CHARSET=utf8mb4 COLLATE=utf8mb4_general_ci;

--
-- Dumping data for table `questions`
--

INSERT INTO `questions` (`QuestionID`, `typeFlag`, `question`, `answer`, `casesensitiveFlag`, `score`, `QuizID`) VALUES
(1, b'1', 'Visionary logistical installation', 'Multi-lateral', b'0', 98, 2),
(2, b'1', 'Ameliorated clear-thinking access', 'alliance', b'1', 20, 2),
(3, b'0', 'Ergonomic client-server workforce', 'Cross-platform', b'1', 21, 7),
(4, b'0', 'Polarised solution-oriented infrastructure', 'Self-enabling', b'1', 88, 1),
(5, b'0', 'Extended disintermediate firmware', 'methodology', b'0', 85, 5),
(6, b'1', 'Enhanced user-facing software', 'eco-centric', b'1', 15, 7),
(7, b'1', 'Versatile tertiary utilisation', 'Intuitive', b'1', 11, 5),
(8, b'0', 'Synergistic high-level process improvement', 'high-level', b'1', 66, 3),
(9, b'0', 'Inverse logistical focus group', 'Ameliorated', b'0', 75, 6),
(10, b'1', 'Exclusive heuristic analyzer', 'Graphical User Interface', b'0', 17, 9),
(11, b'0', 'Who is Albert Einstein?', 'A Theorethical Physicist', b'0', 1, 11),
(12, b'1', 'Who is Albert Einstein?', 'CORRECTANSWERa theorethical physicist, a famous chef, an old guy, someone who is famous', b'0', 1, 11),
(13, b'0', 'Who is Gordon Ramsey?', 'A famous chef', b'0', 1, 11),
(14, b'0', 'Who is Adolf Hitler?', 'A monster', b'0', 1, 11),
(15, b'0', 'question1', 'answer1', b'0', 1, 11),
(16, b'1', 'question2', '2possilble1,CORRECTANSWER2possible2,2possible3,2possible4', b'0', 1, 11),
(17, b'1', 'question3', '3possible1,3possible2,CORRECTANSWER3possible3,3possible4', b'0', 1, 11),
(49, b'0', 'What is 9 + 1?', '10', b'0', 1, 11),
(50, b'1', 'This is a test', 'CORRECTANSWERalbert,tan,jin,xiang', b'0', 1, 11),
(51, b'0', 'test', 'test', b'0', 1, 11),
(52, b'0', 'testing', 'asdf', b'0', 1, 13),
(55, b'0', 'bruh', 'asdf', b'1', 1, 15),
(56, b'0', 'bruh', 'bruh', b'0', 1, 16),
(57, b'1', 'bruh', 'CORRECTANSWERcorrect,wrong,wrong,wrong', b'0', 1, 16),
(58, b'0', 'bob', 'bob', b'0', 1, 18),
(59, b'1', 'question', 'CORRECTANSWERcorrect answer,wrong,wrong,wrong', b'0', 1, 18);

-- --------------------------------------------------------

--
-- Table structure for table `quiz`
--

CREATE TABLE `quiz` (
  `QuizID` int(5) NOT NULL,
  `title` varchar(500) NOT NULL,
  `author` int(5) DEFAULT NULL,
  `bannerPicture` blob DEFAULT NULL,
  `createDate` date DEFAULT NULL,
  `categoryID` int(1) NOT NULL,
  `quizTotal` int(5) NOT NULL DEFAULT 0
) ENGINE=InnoDB DEFAULT CHARSET=utf8mb4 COLLATE=utf8mb4_general_ci;

--
-- Dumping data for table `quiz`
--

INSERT INTO `quiz` (`QuizID`, `title`, `author`, `bannerPicture`, `createDate`, `categoryID`, `quizTotal`) VALUES
(1, 'Pride and Prejudice', 5, 0x646174613a696d6167652f706e673b6261736536342c6956424f5277304b47676f414141414e535568455567414141424141414141514341594141414166382f3968414141414247644254554541414b2f494e77574b3651414141426c30525668305532396d64486468636d554151575276596d5567535731685a3256535a57466b6558484a5a54774141414b585355524256446a4c705a4e6453464e68474d6566647a756573374f446332777157356f6645355756714e674864524d30416b507353796b576c42646447485868525264524275464e51525230452f51647547346b6a4344534378306f6d4b7a42704e6d79693558755647354e356f363230375a7a74724f646e6b6b4a58575243422f37387a7676782f372f76655a2f7a456c5656345838657a55614466722b6639766c3837455a7a794e39323050663062512b585439375a58556c70356e34594943354b666264507454335a31413751334d30772b6347637271683450735678437158684b467039665072575350632f4139446344486c35754d5445516d7a68433968495a485a3161526b4b6251306f77353058376a6476474843305275713355444c774833696f354a535a727337323168496c3769323053306b4b48445835336a2f4f4942414933464d555a52384b73746b736a6249314e5457523464464a756257686b7546354869775743307a37672b6c446a6a3273322b314f5a544b5a7a374973417a4b6d51614e53566c5a6d787a4137646c796b615a7034504a3433646459534a68514b4f566d5768574177654b4b36564d2b4f6a34382f346a684f4c306e5374636247526a754732496a583636306a6848784b4a704d5647434367747145694f46686557416c56692b3838636773796972536756686947695169434d4c7057786f6d4a69653859596842467356756e307a325078574939754a4972476f30364451624455446763647470573367385a35313746565446687a6852706858544c455a4e624e46326d436765427952354d50594d55456f6c45432f49626369647941626c6a6c2f2f68595a50566e47336f3754637a746473682f57374d4e44666c6872316656367657716f446639414152526b4d48626d30576551425839694550476f33476d5852383856793934336952626e3453794f424a30432b38674e70714535524c6b5937315039486c636d56784638566f71696d634c7249422b5246567639397a5939707838786b6862636657793763365949575a715757562b74324242677156526750384b7447366b6a6f4f5576345234463665427a6b646852544f46784e6179476b68516a5a7a473138374b77626f5975374b56724e43555a704645474d4b3845766158465a5372354c4e587564705a39576c70424135713832523670785744615072627675596376306e4a6a36435653595952625941414141415355564f524b35435949493d, '0000-00-00', 9, 1),
(2, 'Impure Thoughts', 1, 0x646174613a696d6167652f706e673b6261736536342c6956424f5277304b47676f414141414e535568455567414141424141414141514341594141414166382f3968414141414247644254554541414b2f494e77574b3651414141426c30525668305532396d64486468636d554151575276596d5567535731685a3256535a57466b6558484a5a54774141414a705355524256446a4c705a504c53355268464d5a2f372f654e4d365866364768595365553046554647644d5557526449694571536771446174616c644c77553357587943306a7859464555464b6254496b794c43676f4968755250634743374c5148505053352b66377675653043436137304b4c4f386e444f6a384e356e73656f4b76395471563862376f614a56476c586f5657455a6c565134613449665371637a4f375379646e7a5a765946376f5a705565474d6165776f6d46777a6d713444395767386769383949486e5656525468554f30654866674e3450724e4873323158416f574869514f4d6a7764754d6e3868704371795048326d574e684955394477774b536439306b6e77623231682f5179325741375464317167794761793545456f7a6a70347555686b6f38764432474b697a4a4334586c67736b30456d6257384f584f34556b523867304864545141554b4539794864476d675a4a69765433464b6d70535768707a62426c6d3749305038484e367759332f675366764b46795657636b6e6e6141414543454e6c4f37475a6b756f69356d2b2b3561766f4d7459636f437347587243476f6e63575033536556574970363273676f694e4a477052754978586a2b75425a4d4638347338717167625a5848644e5344426577706c6741717875756b30336c475833306a6c764f575949507835587a78546e7836683437326769676a686a7773385257793844744a555254485a425373495568552f4162784e384a2b76596f4a4b784b65774361396e2f3644586a6a7a417042734a6b67487331772f41624963716476774e664c3549716e6f7438636767646f6265736f796c53365a65684c6652356e4f52324265347155484358427356755132676e6d5434466a50765478504f5859537033736e676c534f547a724a732f5445644c6874702b4b4c5a6c3672663054326e63532b4545376a5350587a38415858546d4653574d4c734f7a7a4a4b7a36395365746d3366304f6e3976786d3561487a5a6f6434546c553164525453383159545641516744706434706f5a653876464f5639465a6a6d3438726e312f7a414c412b374d6d456b2b48434b3365302b786d77466e754f6b7566733352744f7647584d50314c665150745a55722b3153434b735141414141424a52553545726b4a6767673d3d, '0000-00-00', 9, 2),
(3, 'The Sign of Four: Sherlock Holmes\' Greatest Case', 10, 0x646174613a696d6167652f706e673b6261736536342c6956424f5277304b47676f414141414e535568455567414141424141414141514341594141414166382f3968414141414247644254554541414b2f494e77574b3651414141426c30525668305532396d64486468636d554151575276596d5567535731685a3256535a57466b6558484a5a547741414149315355524256446a4c685a4e4e53465652454d642f35337166506f336e7771385731534a6156424b745641787335364b5649644b69614263743234644274496b67327463754c434661764343694e6d32436841774a516c766c522b4c432f4f684466667265766665636d576e78556c476539596668444450776d7a6c6e356a677a5937394733362f644e754f366d4235565663707049505643455031726767524456436469616b6a4e62677a31464e72346a2b34386e7a6c62457943716251417635305949477468495370523942532b426f494567675a766e37754b394e4277417146377253756531413674764a514566684e6f41555143656a61306343426a6f6169454c51767a316466666e66484e6e70335052546a4c497652332f636c38487866466c686e6f5037774838324569714854694c546833726535787a7a6f45424750374e456d704758416646447976676f44692b544277354d434d58772b6b6a5457526569416d576f466c447576515179656f67616b616b487750694f7364675433764e446d59574e776842696645754d733251724235545179734c4845706d4b553238344d7a554b4e4d54634261592f72527631414e764d5a51595a336b4e4662612b723541757a364a5a6d51753565567137483944536452584a4d72776f322f73573556745a48546b50514750734e4d5a48784930647450634f4177706d544835625a76484c4f377850455658534c454d6b78645354613733494357443479525272706552566a44637a536444794a4362726d4a5134325467506563553041613167756f6e4a4a695a6c476f39665976596a46472f314f59435946444d4e71462f46776e6f566f696c59414573784c574f79685959534a695677627339627847526d447348434c7979735655335764324768684d6b474a6c75594a6d6936414a447341437a543336483873386c7631686651516d5357417932417457475341686b5756553858435a496b5a706d6d7534416b76542f33614c41486f783948345a2f667a7741336c7148326444763042366d5363384855317163724141414141456c46546b5375516d4343, '0000-00-00', 9, 1),
(5, 'Wedding Director, The (Il regista di matrimoni)', 6, 0x646174613a696d6167652f706e673b6261736536342c6956424f5277304b47676f414141414e535568455567414141424141414141514341594141414166382f3968414141414247644254554541414b2f494e77574b3651414141426c30525668305532396d64486468636d554151575276596d5567535731685a3256535a57466b6558484a5a54774141414c44535552425642675a4263464e69465656414144673735783737377a3530526d64444a47307068705449777131637150394942716c4c61784e7059565356497661684c564c437146466f47455a516b5168676447696c5567686171524e494b67555a456d516c43426c6d6d4f6d3737325a642b383566562f494f56757a37656a6d6765485778686773527a3843434d69426e4e51702f58626c6e337734584a31382f64696539644d41496566737358636d6a6e33323676496c4d595a5a6d554947494766494c6c37723258666969722f4f5462562f2f756e4d36486437316b394243624549692f724b5974627076785578424149353065536b72724e4f722f485177706c57334645366e69344f357252343873465844737a2b647665367151676868426b3535364b76694b704947536769525341456f6f426b336e43663966664e4d7a626547696948687a3646384e534f31576454486832624e5a68436b344e6c34342b3766503253623337634b364e567a64436b3272706c7a396a307745746156616e646e626270765a5031776264585653564f76667a49356c733772542f3966766d4d5579663371315062736f58336d47357137585a484d6d703877644f4f6e36756c4e473356625332686a44564562507a773634504e44586e63384e43775258664e55385a426c363565316d35336c635663573961386233686f524839666f622b766b6b56434250487a3177354e745a736e6531394d374c566b594c575a2f51504746393269322b6d713639494c61336361714671714d756f72437130795373675a694e42754879362b2f2f57495851653275332f4f426b335a63656553753033314a70332b343543796f4371434d675a6c4554574a4a674878336a647565764661352b4e7178654b566368587333502b57527863386139496c383864753939574a447a792f61307a4951526d4449676239566444554755527349357334666351765a332f516d5735386375516a543477395a32546d624b4d334c374430317055795569616a4b714a367567626c695866507a332f347a596e4f7671334c2b7939657138432f31792f34636d4b373639314a4955516a677a6571496c554d494f57734e3556414358586461426f41526f626d32724a324e774141674a797958726347456571706c4f71554d6741414141424157635a554e366d47456e726435734a51587a46483641336c6e4b4e4d416f774d6c43426e42716f6f424b6b71776e394e6e6335444353486b4857753348743051516c6961355545416d59777341786c305530716e796d67662f413865575374594167366b415141414141424a52553545726b4a6767673d3d, '0000-00-00', 9, 2),
(6, 'Chronicle', 5, 0x646174613a696d6167652f706e673b6261736536342c6956424f5277304b47676f414141414e535568455567414141424141414141514341594141414166382f3968414141414247644254554541414b2f494e77574b3651414141426c30525668305532396d64486468636d554151575276596d5567535731685a3256535a57466b6558484a5a54774141414d455355524256446a4c705a4e72534e4e52474d622f566952397177394655535146515830494d73684939454d584a4949755a47465a47575a707153486d784d3235644e7138706b374c7a545364633175366d616c6f3376493662486d5a726d6d70302b6d636c72664e75546d766b3372367a7738724b667a5367516665633136653333766577336b4a414d542f614e326d735444786a4b7a6f6158316e4f58586d637a5864306c6b52626d6b5242302f57354153586c72344b503755685143714a35585458556c6647564b32596e6869437957534130616a4874354675644c63556f767131333777344e5a4478543042544953744e4c6566436f4e4e437054586762594d476e4f4b76534a64386761424b6a613642535768554d6c526d507753506454393048614247454f38694c36645939464d615342586a654e656f6758724d424c334a444a317048717052457753316170513044364e66555156687a4932463746682f527875676a6839574f55676d2b6b5a6d494b6b66686e555a6a45594d664a2f4145686c625a66344a5a46616f30614c55346f4d77424a6b524e7755325145502b34346c7862512b454e59506f4a537376725036456557454247626b38544a47677565566c464e63305144706752464b42456a3374596d5454335455325144302f634d6d672f345a456b524a54697859596c6e396768637a516f70675176697444574351547462493268496a643849446e6946464e47334c7031785a74674f6f737679583939424359504156477a52595338674e6a786a6b38653536385a7059717571466242514a457038457339345248356d486b304e782f4134705476496148657172416c696a5250476a454f4e6e30324a774651534a5842416d6438536a664354363578784652636832536a6a5251696937444c585533584a4e32324b3042386c68657643597846544c6c414f496c4b756a49427a4e59794971436b796a7434714334382b57617362434444585964426678506958676f63734f4a4f5076566f7a4632646b524f584d43782f47695078583535506b52566e55695139454f686d59555032612f566e46496268495471414c417166524656376f336f393337496c4d62676470344c446b55534b3274395a44473971572f6972364f336c595047646a6c69656132346c583045346e5932524b334a344d73536b6673786e6f54346779754e68712f6f50413477694c36394e474b623755646c524e78685a4647766d4d75346e7569715a2b457139794175704f2f447564526463456e6144692b654d7a6a4e5562676e63494d44673144756f52483266773154427350624b533355766544466b3074614c7558696f6c58576d4532354b6a346173326e324c763873484f69456e4452762f6563306269547979727239394d335953534f322f486e2b4377655a326b52696c7470784141414141456c46546b5375516d4343, '0000-00-00', 9, 1),
(7, 'Winter Light (Nattvardsgästerna)', 2, 0x646174613a696d6167652f706e673b6261736536342c6956424f5277304b47676f414141414e535568455567414141424141414141514341594141414166382f3968414141414247644254554541414b2f494e77574b3651414141426c30525668305532396d64486468636d554151575276596d5567535731685a3256535a57466b6558484a5a547741414148325355524256446a4c6c64504c53787452464162776d376f6f55686575536e3269517148744c6b5a5446477358536841334c59556932464a5238565768756843366946416669455a5245306a55554e44474e4b565678494a55536e476a3441504651686639443070435873317a387461763977794a6a49396f7666417841335050622b345a356a41416a4b393848675750386f6f55386479676d6c5259456c4245496846765042342f5369515375436a384f665236766534736b674b555642774d42694549776b6c385068383848672f7364727549324777324741794755776774475147304952774f4978714e696c644b49424341312b7546772b45516756416f4248714a305767556b584d4146616443414258342f5834346e63357a4c53572f69657755774e73343255443331486571465a664c4a5a37456172576d423835476974424a364875343365372f4236524937366471744333493466593472776451597245597573775647467872524d506350595169776175424873736a76506c59676337466372544d7939472f2b68784c427a72304c542b4253707544724c794d78356343336561482b50707a426975486572487738344557326f302b6d48624830576c526f587a3035744544745377374c64444b2b3658697152383930487a76787368364f7762576d6a483072514e7a57384e342b61454b64392b7852467267786676372b4c4b766857567645716164636378766a33486b4e5761336874427571554f526d76334e6663766b55754259436a79624c5547394c682b31303764524e5a474e567775566d4e6b635149745a68544c4e48575256736762704c4a547876302f6768576d48535446324330326d4769673165666a39353564414179674643676935624a534c2b316d34554a32427a464c324e446e3642565437442b58336665563263356d594141414141456c46546b5375516d4343, '0000-00-00', 9, 2),
(9, 'Nothing to Lose', 10, 0x646174613a696d6167652f706e673b6261736536342c6956424f5277304b47676f414141414e535568455567414141424141414141514341594141414166382f3968414141414247644254554541414b2f494e77574b3651414141426c30525668305532396d64486468636d554151575276596d5567535731685a3256535a57466b6558484a5a54774141414c7a5355524256446a4c6a564a35534e4e684746616339552f2f69446c6e54744e455979524b4b6e5a49554f615665655753655a5936453256556b4a6b32536730504e4677744c357a6c6769556a7842524c5a634d4a6d31657562577a6554766562787a7a5770744d385a6f66743754664245745471673463506e7539376e76666834545542414a4d64754e516752314c725a376735504c5775716c66376b3936702b5a624c5856684f666a4d6c4f70347063396a39647764374343656150436a6e34364b386430345050536f395847496739665a337051523875746a306e77596e53735a4d33656e79463679686c53382b46524f733236337a2f65644b526c6c3473736879502f4565413465386f61526d2b647233557a6c447a2b306f6b724e557a734a4541463365596b735a3843486b6a37383651314d4b764571516471394352627433346269416b446e432f694f6d446a72663536714847534c64496a355637473137552b6861496442717779736d2b4c62707373744f32664c79454b5a716a644b73687651474e62686d6a6a56614a3867652f4462774b42686d664268643357494b64537430766b5a644c644175386557726b464344694c4842664876337650476d434f614d775a654749456e735763444653664f784a4d6b6845375167444670515170315974785a57706569776965714a77563372496c7148436535553874524c4b532b52515a744553567038335278634b45494730616d4230625571774d644b616473646f41573555527055413256386a515958325831364a3548566c5936547964574b2f725161355652412b65527941463335475273723955476e5273597770734535536362654e696a6d4c6d785743545351337a712f5471366561444f5352774e356e7354534d53473763784869797053515644634c32476a4a342b323336364b72704d704a4f4557577465793742377542786f3250653630434d6d73576149384b34583255432f42387a61457048412f556942756a467348646c67654c3436546550726e79775741616f6e3853666174506d6e462b61374f56426f5952446d7938765165664b473647576a2f6e67674d4e434a5342686b546d4447434a776e794f4830617052385651466771515a51465135416a61707865687a652f777a42346857704b6e565a51344937424973524a55704e6977444f736a386e7778426f4f6b455861663556776347506b39426f456c7947726f4d77524353785551557177416a39542b586f342f5a6e61396c6779416972366971364e444d5a316d42752b436251782f4c5845485861526a6563495535782f7a575936676557674f53496f7064495269746a6a2b5a74542f4d6a43696d3253587a6655336d7a5447526d2b5655577a6b6677485a73704f6e54365056484141414141424a52553545726b4a6767673d3d, '0000-00-00', 9, 1),
(11, 'test quiz', 11, '', '0000-00-00', 9, 1),
(12, 'srxdctfvyg', 11, NULL, NULL, 5, 0),
(13, 'ASDFASDFASDF', 11, NULL, NULL, 1, 1),
(15, 'bruh', 11, NULL, NULL, 1, 1),
(16, 'bruh', 16, NULL, NULL, 9, 2),
(17, 'asdfasdfasdf', 11, NULL, NULL, 1, 0),
(18, 'Test', 17, NULL, NULL, 8, 2);

-- --------------------------------------------------------

--
-- Table structure for table `subjects`
--

CREATE TABLE `subjects` (
  `categoryID` int(1) NOT NULL,
  `subjectName` varchar(15) DEFAULT NULL
) ENGINE=InnoDB DEFAULT CHARSET=utf8mb4 COLLATE=utf8mb4_general_ci;

--
-- Dumping data for table `subjects`
--

INSERT INTO `subjects` (`categoryID`, `subjectName`) VALUES
(1, 'English'),
(2, 'Bahasa Melayu'),
(3, 'Modern Maths'),
(4, 'Add Maths'),
(5, 'Chemistry'),
(6, 'Biology'),
(7, 'Physics'),
(8, 'History'),
(9, 'Others');

-- --------------------------------------------------------

--
-- Table structure for table `user_answer`
--

CREATE TABLE `user_answer` (
  `AnswerID` int(5) NOT NULL,
  `totalScore` int(3) DEFAULT NULL,
  `UID` int(5) DEFAULT NULL,
  `QuizID` int(5) DEFAULT NULL
) ENGINE=InnoDB DEFAULT CHARSET=utf8mb4 COLLATE=utf8mb4_general_ci;

--
-- Dumping data for table `user_answer`
--

INSERT INTO `user_answer` (`AnswerID`, `totalScore`, `UID`, `QuizID`) VALUES
(1, 62, 7, 3),
(2, 64, 8, 5),
(3, 93, 1, 3),
(4, 33, 2, 9),
(5, 81, 3, 2),
(6, 13, 7, 5),
(7, 18, 3, 9),
(8, 84, 7, 1),
(10, 5, 9, 1),
(11, 0, 11, 11),
(12, 7, 11, 11),
(13, 7, 11, 11),
(14, 2, 11, 11),
(15, 2, 11, 11),
(16, 1, 11, 13),
(17, 2, 13, 11),
(18, 5, 11, 11),
(20, 0, 11, 15),
(21, 2, 16, 16),
(22, 2, 17, 18),
(23, 1, 17, 18);

-- --------------------------------------------------------

--
-- Table structure for table `user_info`
--

CREATE TABLE `user_info` (
  `UID` int(5) NOT NULL,
  `username` varchar(100) NOT NULL,
  `email` varchar(100) NOT NULL,
  `pword` varchar(200) NOT NULL,
  `userType` int(1) NOT NULL,
  `firstName` varchar(50) DEFAULT NULL,
  `lastName` varchar(50) DEFAULT NULL,
  `phoneNum` varchar(25) DEFAULT NULL,
  `street` varchar(100) DEFAULT NULL,
  `town` varchar(100) DEFAULT NULL,
  `postcode` varchar(10) DEFAULT NULL,
  `city` varchar(50) DEFAULT NULL,
  `state` varchar(50) DEFAULT NULL,
  `profilePicture` blob DEFAULT NULL
) ENGINE=InnoDB DEFAULT CHARSET=utf8mb4 COLLATE=utf8mb4_general_ci;

--
-- Dumping data for table `user_info`
--

INSERT INTO `user_info` (`UID`, `username`, `email`, `pword`, `userType`, `firstName`, `lastName`, `phoneNum`, `street`, `town`, `postcode`, `city`, `state`, `profilePicture`) VALUES
(1, 'ivignaux0', 'ivignaux0@blogtalkradio.com', 'iE9|jxqop2o$Lv=', 2, 'Iris', 'Vignaux', '8736949580', '72 Arizona Alley', '0575 Rutledge Avenue', '68100', 'Tibakisa', NULL, 0x646174613a696d6167652f706e673b6261736536342c6956424f5277304b47676f414141414e535568455567414141424141414141514341594141414166382f3968414141414247644254554541414b2f494e77574b3651414141426c30525668305532396d64486468636d554151575276596d5567535731685a3256535a57466b6558484a5a54774141414a655355524256446a4c705a4e4c534e52524649652f4f38316f2b576a49534d306570756172454875447149464544796f714546744644346757515644516f6f305168464152626f774b4e4e704b6930444a5259564771526d59356f50554273335331476e4d636452302f76385a353534574d3434524755526e65376e662b583663633553493844396c42546837392f305649426b6f4148614343494a434378614c77714a416134304f344c465a7054397a2f637064614f4671635a5a4352446854305634702f316933487665496941514e67454b4168383375734e7266677033506a364e7679474f474936416c6365457850543453414b582b2f506e6a4e784d41722b475043414e454a47716871384e6c4c746b35336d796b30466c4e2f30514f3139612b556c33334c70344f417252594639535771726d7857716237576c695263777037796e593867356e3050612b367651425141435858367a47305267765533646a50344f68554d49376e42585a3669457650787a335153345479456273796b5a6a56472b30686741626775396650766d314a314c574e684474482b3171785352663231494f595939564552436d2b6450517850617451766f6c635338674167426b6a67462b454f584d2b4f496d705a6d772f4772436e486359597255545a4a724846784249746268344e3562483730684f484255434644457a546a3963664947443463666257456a58374776766d5978676a393748592f50696d4e2b46713747544e67544b63686832416f4d4576557865426e4b674f50462b6269643936424a2b7a696d5552676a6d647a4868544f36716f6e4f554a32596a4d4c774c3076413454686c75714b5430557742644959717937416f33427248736472726539714b4a79564851436f646753426753302f677a512f65414578576e7462436d34514f5277453436615a6a716575584738374754443854756b5a6d53526b6d51506d63726b346959476445314a61554f47694f546c756c797266422b656b704a62794e543442414e744475706a4c7a4e6539673652316c424950514f57586744312b7a6d663342766e335a4761594e32546e594c597a446465312f69356f7a653750693231594438425653644d4a306e3463516b41414141415355564f524b35435949493d),
(2, 'ecronshaw1', 'ecronshaw1@digg.com', 'vZ9{zu|R\'\'7', 1, 'Eileen', 'Cronshaw', '2819577049', '10 Sheridan Trail', '561 Mallory Parkway', '68100', 'Houston', 'Texas', 0x646174613a696d6167652f706e673b6261736536342c6956424f5277304b47676f414141414e535568455567414141424141414141514341594141414166382f3968414141414247644254554541414b2f494e77574b3651414141426c30525668305532396d64486468636d554151575276596d5567535731685a3256535a57466b6558484a5a547741414149795355524256446a4c70644e6454464a68474164773132305833585852356b55333366517853302b35596c32346c466e514b73766c326e4a4c4d30666d584c4e415363654b67417638794247674a5045686b634953684545594b754b5531497863546d30575544694a314670626d31745a2f3835353138366f4c532f6b34722f33346e32653335357a3972775a41444c5379583876436d2b57553666715433382b323153347a74507931726d4b346c58463552792f2f48776d364c6a6f484e38514f474f67554f653969474279434a37464a35424d58304f52696f736661312f775448715149415134564348627770584c3533695748504165375165664a4176713447324d4c593967636e556351306b662f416b76416d34445076686c364c712b6a77457545534437696e4c724357584a3130427967433536536770486c6f66786647554d6a76686a444837735231653048667133566d69714b53774f7436436c64436344374344413371724f5866526f3337746a526f6a433553527438314b59497870346c7878302b6d434f6171454f4e384e655232476874357070427673545439597161693630462f793076546568506c7942572b464b416c69694f76516e5047514b592b512b544f4f6443436a7a455055322f413177784961483361384e304332306f75475641493354565643396b63456130794f304d6772666b70744d306d707277717970474b47324167615959594573716647464939344434637379314536566f6e6c57677436344662364547376159475464474b31455445763679752b7745634451655a6f41374c4842454a66786b69656a515178637a63635a744545384a77484e524b4c4d4b3172527a6e673652337855386b4c6b644d2f6f69644168324d38425246736937572f49753338774274793862584363645379364f79666a66556e6543626a6a33344f6f654d6b487139322b345350384139357753546c72412f4953476e785a416d6765562b65774b6277717769334d5a514c515a5150336e46544c6e7474533733793943754649716f2f696d4141414141456c46546b5375516d4343),
(3, 'osotheby2', 'osotheby2@drupal.org', 'yU0\"9V+un', 1, 'Odilia', 'Sotheby', '3937559913', '5811 West Place', '7424 Brown Place', '68100', 'Taunan', NULL, 0x646174613a696d6167652f706e673b6261736536342c6956424f5277304b47676f414141414e535568455567414141424141414141514341594141414166382f3968414141414247644254554541414b2f494e77574b3651414141426c30525668305532396d64486468636d554151575276596d5567535731685a3256535a57466b6558484a5a547741414149425355524256446a4c6c5a504e54784e424749654c562f38464e55596973614952714f487377617433446648677a5868554977514951574b55677946713270676d366f486778634b42694a37365952635338434a4a4e56466f715a536158626f663365334837733532717a396e526f5a496b52516e65544b54374c7a50764c2f4a546742416749356a6c42436c7677306e4b5564596a5343774977675251697a66393338326d303338432f6f6434584434616174454350705a636231656832336275315171465a696d69564b707843574b6f69415369657952734e4842424779443637727750492f506a467174427375796f4b6f71467a694f41335a494e42726c6b6e304356697867416c5a51725661686164712b534474333072464851475073626d42726c6c74453058576464794c4c38734743566f536b58467a4531736f6f4447304c686d45635873426a755655556c753741794d59675a3137795350386c304e66655150733641372b6577397262415a6a4b35384d4c48477354367776585162514645486b4b35593133794b66473444644965344866614b43342f4a68324d4174536e49413047554c446d4d58717138737763716e324171763445643854492f4455615469354735416539634974444d4c4b7630666d3954554554787939644b4341746668742f695a4d656e4875356c33593631662f6b4b56783543636f704a39682b6e5977326972344a5154626d546b5570436c3432382f3536585a326745626f34374f54767756486d5564792f46773566622f377248674c462b6e665a394e692f70672b7662674352392b41563036417150514f314e68667a4d4776666347506c526b6b52377069516e43635363537a6c535a374c656c6844306b2f7545412b544a776e716646756b68774c6b75546f475a495937694c786f644d6b50746a7078752b645776774e686a2b75656b794358675541414141415355564f524b35435949493d),
(4, 'zzanetti3', 'zzanetti3@state.gov', 'cT6@*EQ~F9', 2, 'Zola', 'Zanetti', '3869213131', '324 Carpenter Park', '2 Darwin Park', '68100', 'Vila Moreira', 'Santarém', 0x646174613a696d6167652f706e673b6261736536342c6956424f5277304b47676f414141414e535568455567414141424141414141514341594141414166382f3968414141414247644254554541414b2f494e77574b3651414141426c30525668305532396d64486468636d554151575276596d5567535731685a3256535a57466b6558484a5a54774141414a5a5355524256446a4c6a5a4e6654464a52484d64426d582f6d31506c6e2b7144544e6a636d4437376f6f3632747259643636374831306e4e507672625749792b75304646414f68724d7a575a4b5861594538594178342b4c6c386b664c2f4e506f497542646d41566a43515162314c647a4c6b6732777a7262353535377a752f38507564332f78775a41426d464e4c6c4b7062716931577239537158794b686b723646774678656a6f3645576a30636a524e5853756d6b637641756b345173427552794b5241472b7a53574f68417233666344716c574d6a68714d59714738766b644c4456324968646c6f556f697467682f647636657154713669513235584c73657231536a4b375a72416771315a5546345a59574d484e7a694d5669594d786d624852334939375a6958686247344c4e7a57424d706e4b4d3948742f45337874623866713844426d2b767668476878455a4741413062342b3750663059492b49374b3274654e6a55684a634e44556951697334494d6c31644f426f66782b65784d52794f6a45416b73766a51454b4a45464345696f62635848306c56516b6348556772466e774b65353145716c5770534c4261527a2b636c614b4e7a4e4b656d494a664c49524149494a564b34736d534134385a4e3659745050545745475973723148495a3838583047537231596f462b786f736e676a436953796979514c34794446576542487a4b322f67382f6e4f436d69704a784b475961426e2f4e67526a2b475066636636666735657774616e5048524c3374714345366841732b6944384b574139556757724a4446366f634d5167634650486f52424d64782f78626f6e765059466a4e59433565544b5547786750767a7250535931562b5a436b6a536a394d43797549724471375141594b78484c685948674779752b316442744f7a4337412f3166305775467775704e5070623152792b6d556d6a704a777375394a4a52774d3541746f6e7647596d725567734779416666496d376c322f63454d5336505636754e3175654479656332484a4f57424d5533426f626d46372b51474d453564796b6b43745672506b474f4e2f6d627837472b5937313334614a69376a46314136734966734b3339534141414141456c46546b5375516d4343),
(5, 'spawlicki4', 'spawlicki4@sun.com', 'vK0\'(&uF', 2, 'Sissie', 'Pawlicki', '2259652422', '8880 Muir Plaza', '693 Jenifer Place', '68100', 'Trondheim', 'Sor-Trondelag', 0x646174613a696d6167652f706e673b6261736536342c6956424f5277304b47676f414141414e535568455567414141424141414141514341594141414166382f3968414141414247644254554541414b2f494e77574b3651414141426c30525668305532396d64486468636d554151575276596d5567535731685a3256535a57466b6558484a5a54774141414a435355524256446a4c6c5a4f37613952424649572f2b65316d73306b4d6d4f4362524b4b476143424255437374744e4d2f7755345573525155515153626c494b5746704749694c565957516757735249527846633050684f4d68536a52445a466b5a2b356a4c46617a5757783034484b713838336377356d51632b5a2f7a395431303566633761795a4c70622f782f6a3678706c33376a5a5957622b4a6d646b70656f754b7267444778736179752f4e6e7a4778465434786b43707a4b756b3273325461496d354e6e5869415357514759475831396651434545466f303535663037447341424f4c50655577694f547369537245616b4d6c4d31752b746d502b4d6d65466d314775666b61554658424c5a3765385833462b2b79304b71455471625a674456684a74676d6e424e514343376b314b39435a6a75666371576a5a7670736258632b6a6942716146696d4270582b2f65515658464a6d4362494459444b623843524b346565442f51504d446f30697271796133416e346f715963507632486554337a5361527248553272762f4b2b36796b46436b66766e7a7735734357676448526f5246713952704c736f53596b467a6f4b7139423152424a6d43715749743164502b68644f303962615a6c46715650634f2f6667324a7550623663655058744d455571306c367055797831555378314553366759496e5663497961523276635373375072694b6d7447654c6b7859636a42382f767a3876315a5653564478396d4d48564d4454636e705969723442497845655a6a476477525363305174332f64795578345335464c6e4e74376f61554c2b75706149774d5654434d686c48463356464f7a4236724b386546545a4d7374485167686b4351327a424a785359306535416167764270514641556e6470397136554149415a4847437030392f62674b477063676638464d4365506a34336c366570713575626d572f712f576f39746e3665727570723361526158615356756c6e6357664e543639656649742f4d74336e6a693564594f5a376a435459544d646372652b6f6c77356168495866674863546150336433764e765141414141424a52553545726b4a6767673d3d),
(6, 'mmckissack5', 'mmckissack5@google.ru', 'yR2}oKu{C\").9v', 1, 'Manolo', 'McKissack', '6872548905', '2 Sunnyside Parkway', '5 Hudson Drive', '68100', 'Rokycany', NULL, 0x646174613a696d6167652f706e673b6261736536342c6956424f5277304b47676f414141414e535568455567414141424141414141514341594141414166382f3968414141414247644254554541414b2f494e77574b3651414141426c30525668305532396d64486468636d554151575276596d5567535731685a3256535a57466b6558484a5a54774141414a705355524256446a4c645a4c4c61784e524649652f4f326b5471786d4e78416f70556a58574237707772554958676773336f697370436f714346574730473648394436537533496a72514541457859554c462b4c4b6c6167554e4c3571733469306a52686f6b6a366d4d2f6478584979504964674468337334335076782b3531376c4969516a6d713165744a616579754b6f6d5041466d504d4332504d7653414958764b6655476c4170564b353776762b2f61476849655635486741724b79764d7a63314a713957364d546b352b614158304a6436664369667a302b58536958566144526f4e7073412b4c3550715652535952684f6c38766c6e2f56362f584561345030707574337571324b78364d2f507a394e734e693847516143434946434c693475585a6d646e4b52514b2b62477873547539437278556e545047734c437773425145516656506332707171674b304f70324f476877637a47396f416368596178455232337470596d4a696b4131436951694e5631666b326378526a464e59617a6c7a3541305a3059673169456c53612f76556464745067664d4b4f65324a3465433164797052494d4c3435574d6f5046526d414d5670634172364e67454356764f786576457363425a67354e7764766a32382b632b4357414d49707657497674774f6c4d714436346542416f69447451346a4a30614a77336d635751506e6b44684b415977424a32426a32725733654e3457436f6550382f3335586354745a486a30464f33504e654a7743582f50646b51736f754d3051494d49596a574667776677736a74414f57786b65643861594a695977723639724b2f6d454c4d4734763443504144524768454c5672503059595a323754563442726675694d49494a4b62393552507472343345726e4f4931696b4657696455473150597634664d35694a344d65554c34355331676534507475306249747674547851343651584534427a4f784c52724e544b6266646955683734734f4150644e754853542f54714d7637775667535832453444524379355856635a324a31425a58504a4633723934437a45495836346a4e5552346d77794c324e53674469692f7552324d67746a454b4e2f702f6c37596d3279574e596d7455735739686641746e46584c6e4a50574141414141424a52553545726b4a6767673d3d),
(7, 'oapplewhaite6', 'oapplewhaite6@ehow.com', 'bE3*7,M)j}#i', 1, 'Orion', 'Applewhaite', '9219222321', '95 Oneill Park', '0349 Scofield Way', '68100', 'Noisy-le-Grand', 'Île-de-France', 0x646174613a696d6167652f706e673b6261736536342c6956424f5277304b47676f414141414e535568455567414141424141414141514341594141414166382f3968414141414247644254554541414b2f494e77574b3651414141426c30525668305532396d64486468636d554151575276596d5567535731685a3256535a57466b6558484a5a547741414149735355524256446a4c70564e4e61424e524550343257636b324d5655696c4a722b594a43324b47306b566947574873545353304842672b4456712b684a6b494a58443731344538466550486e4b706453446634456562454a4f4271314e5362554e6943594e526d50536d48537a2b2f5935383759704342344b476669597835755a6237365a3361644a4b64474e6564436c6455326770314b4c2f35334263577943684a54734261454e327859517771616f525763626c6d5642352b5277654f4b676b48636970624d506c344450544e4c786a734d786759324e704576415a7071377173414e75676c756b646776367342565a426842557442794356786d4233372f6351774e6e55657a575557356e4d66773845573674374332746f7a7838617677656e56736271366757763271376d3362684d653272514e6d4c6934554d6854596f2b494c324e354f6f64476f49424b35704a4c7a2b53513143594672684c424941524877556e684f766d437231307659326b716831617069624f774b416f4551537155636773452b6a49374f6f466237726e4b354b5466534861656c4e75735351515746454d6a6c58716d6b574f774742676169654a71346a792b2f646c42763172466e2f73485a2f6c507743784d3679324435517254565569596e6279707037586144354a3551736558306335533143693550787a45594773484b2b6849796e3937422b4f6c4135396c634257316b73346c2f4e743342362f6476635831754473496a634f376b4c4a4b35424f495455306773765944484e453231555a38766f4741594166574a47443039766153694635583644787a526a754c616d627471542f646d466e47364c7770424d354f4346733337556d32572f79347054664a532f586e636e6458394a6f4c3159686f66697175596e333247685465335948683938476f61744d4f3878766964384d5042794c4548553946706a50544838486b6e692f544856587772314235706833334f524c4a41376a5968534e676c504d6b384c73372f42652f38677375664354356f4141414141456c46546b5375516d4343),
(8, 'cbucher7', 'cbucher7@va.gov', 'kD7!v(`d', 1, 'Cobby', 'Bucher', '5347637680', '3016 Mcguire Parkway', '62 Mayfield Alley', '68100', 'Cimişlia', NULL, 0x646174613a696d6167652f706e673b6261736536342c6956424f5277304b47676f414141414e535568455567414141424141414141514341594141414166382f3968414141414247644254554541414b2f494e77574b3651414141426c30525668305532396d64486468636d554151575276596d5567535731685a3256535a57466b6558484a5a54774141414a495355524256446a4c705a504c533552684649656639334e6d6e4d495253796e76675246354b5768526c6d5762626f7477553973574c75706643426542455968516d32695671316f4630544b49494c496b4d676f73784261426b7046446d706f353439792b37373264466c35624249472f3565476368392b354b5246684f777259706d49416b382b4f6a5363723239755632736f546f747a58744c4f5a4c69443671306f4255446a5938396e47414a514572553364442b4e4b4b5a445659705443687239613573647670575574436c4357714252785a69452f392b6f3638435147674a55517238756a6e2f6478756779435370524b6b61772f5333336e3751516967416678674b434369747170703933396d77436a4176456170784f4946337870426c4f594a373877516a785a42324c416130517359456d31396955517632396a4269684a656c744346304630415a4e624964586153374b366261336864516579366942574253364962514a4d51477a4848717261726d306b436836766632417a4c7847583565626f63355a4c42653532645a4273764147527341556749693745467963516c3056634472455a76466c4758425a73687443474e4e61306358566b6a456458496a4262316b6945694c643473346a594c4f4b79394c312b44474c5133714b7470573758416470716a354d4c432f5138754d6939386f59744143326963496a396a64674d596a4e59727a6e66305973546a2f4d4f6a7a436254584f343852523558614a33356b32794d42436f4749426f7632794c537a744e5070484370774b524f4b48564f504638583572436549763142754d4d4b31474f4930326e795a736948373639445663425958526e657568534a38493546436d41734e6f6d7262507372577a47656f63547a317832687430567458784b6a2f4a6c2b763179306443672f76564d6c346461584b6731326d744371396c6630784763614c6e41324d7737686964665447684c352b7967524f702f762f4851514c423474506c4d7a636a6b384566744f546b374b48723168503454304e4b764670307671796c3546313859464c73652f77504c486c71525a716f33434141414141424a52553545726b4a6767673d3d),
(9, 'rkear8', 'rkear8@dion.ne.jp', 'yS1)um*#$W7nxbO', 1, 'Rabi', 'Kear', '8657062855', '838 Lukken Crossing', '7610 Holy Cross Alley', '68100', 'Chor', NULL, 0x646174613a696d6167652f706e673b6261736536342c6956424f5277304b47676f414141414e535568455567414141424141414141514341594141414166382f3968414141414247644254554541414b2f494e77574b3651414141426c30525668305532396d64486468636d554151575276596d5567535731685a3256535a57466b6558484a5a547741414148645355524256446a4c705a4e7261787042464962336130676749536d6d4e495357586d4f626f4b6968787067554e47574e53707661533652704b4c3352792f2f4d68317767663650456c6143797a7136374f30396e566a64566c4a62534479384c773737506d6665634d775a672f492f4744773344436f3848436b5a6c2f526c674741306533596676372b446241664c72572b53584f764c54472b5348562f675062754d5a526e737949444c2f4f41537a694d786b6b4b6b5551544a4a734c61476e382f69487a366e642b386d5176383741686732483954682f42785a7178456b45675372712f695643764c73444b3961777476667862327a6a4432415249442b6c56566c6261625467575954763172464c356642557448626265544a4362334551336f76436e5243367841677a4a744f452b7a7468655949456b7162466153337659327a75496a3737416d7459594475735079382f7a7576756e4a6b444b584d377459575469794757466a417165516e4144362b3775654e782f464c705247417275376d636f6a356562717a737a696c3744676765462f4458316e424e3832727a5071727a6252617949734c684a714d5054324e383353647932474170774671524e376a46504c3074462b3130634464334d545a32416a4e556b47436f794f36793963527866516f7746556270756672316374345a6f48672b44673036377a6475546d4562713479692f556b59696444652b6b61546350344f624a49616a6b7350642f65797833632b4e32727650624d4450625546505a534c4b7a63476a4b5072624a614473752b64514f336d73665a7a654759325443764b4759516864535965654a6a557432316449636a58513755374b7635393966346a2f6f4635355734672f326533623841414141415355564f524b35435949493d),
(10, 'psturdey9', 'psturdey9@yale.edu', 'lJ7@}i+e', 1, 'Paquito', 'Sturdey', '6939482188', '9811 Havey Lane', '25478 Melvin Point', '68100', 'Düsseldorf', 'Nordrhein-Westfalen', 0x646174613a696d6167652f706e673b6261736536342c6956424f5277304b47676f414141414e535568455567414141424141414141514341594141414166382f3968414141414247644254554541414b2f494e77574b3651414141426c30525668305532396d64486468636d554151575276596d5567535731685a3256535a57466b6558484a5a5477414141494e535552425642675a4263472f7235357a47416667362f342b7a33766130314e486c59677a456645374d64434947495346675334476b38566959794d324d646c736b6f3447536638446f30464c5243496b676868594a413361564274457a336e50383977663131564a765044657064643339302b384e736f356e455342516f7130706676586d39667a576631393435334c463835764153714a6c7a37343876496e6235313764497736457959424949473439752b7869392f63394d6476522f2f39394d50505a372b34635034495a6868545062777a5432642b76476f61565252703172526c69567648712b6366764d33544438322b376d756e306f2f63654f374e542b2f342f4b4f586a775a5531656b6b3038343062415a7a4d51326d6f6f7168304137326435782f3673423944357a596e666633506f59426f574267464b504b71444b716a43706a4b722f2f64637539703438396472613838637964707333304b73774143664e454b616e536178686c6e746a4a384d763132506169652b765a2b302b6f655377775130497731784152314369464e4a6b474f347775335a4d593141417a4249307153676d434e4a734a55454f744a534d61435442444c795130436b6e41474f677954794646694c493261774d7a6445635351675341414b56556d41654e6b7876574a57434774566c446d67595130474674676734704e744f776242637751792f526966652f327972525256493071594345426c79385a2b5034714d454d79374a61567737324e353638652b69776872586f4543516b664839316b59376a7777584d734278314c39335a727571724b36757569414964536e54494b4b504c5046637661793877772f48682b7566657a6e5458753439763935494d6f51473337383467595864547176526d716e2f5770612f4144465835384d57334c3731535655394554674549515151494f4f7a75622b66684976775052446765566a574461684941414141415355564f524b35435949493d),
(11, 'albert', 'attain938@gmail.com', '$2y$10$KI.su./tlk6FvvI2SpZCwuMxB4V0RjfzO6Qu0GjMlm8fLgOoqnot.', 1, 'Albert', 'Tan', '0192718776', '13, Jalan Sri Gombak Heights', 'Taman Sri Gombak Heights', '68100', 'Batu Caves', 'Selangor', 0x646174613a696d6167652f706e673b6261736536342c6956424f5277304b47676f414141414e535568455567414141424141414141514341594141414166382f3968414141414247644254554541414b2f494e77574b3651414141426c30525668305532396d64486468636d554151575276596d5567535731685a3256535a57466b6558484a5a5477414141494e535552425642675a4263472f7235357a47416667362f342b7a33766130314e486c59677a456645374d64434947495346675334476b38566959794d324d646c736b6f3447536638446f30464c5243496b676868594a413361564274457a336e50383977663131564a765044657064643339302b384e736f356e455342516f7130706676586d39667a576631393435334c463835764153714a6c7a37343876496e6235313764497736457959424949473439752b7869392f63394d6476522f2f39394d50505a372b34635034495a6868545062777a5432642b76476f61565252703172526c69567648712b6366764d33544438322b376d756e306f2f63654f374e542b2f342f4b4f586a775a5531656b6b3038343062415a7a4d51326d6f6f7168304137326435782f3673423944357a596e666633506f59426f574267464b504b71444b716a43706a4b722f2f64637539703438396472613838637964707333304b73774143664e454b616e536178686c6e746a4a384d763132506169652b765a2b302b6f655377775130497731784152314369464e4a6b474f347775335a4d593141417a4249307153676d434e4a734a55454f744a534d61435442444c795130436b6e41474f677954794646694c493261774d7a6445635351675341414b56556d41654e6b7876574a57434774566c446d67595130474674676734704e744f776242637751792f526966652f327972525256493071594345426c79385a2b5034714d454d79374a61567737324e353638652b69776872586f4543516b664839316b59376a7777584d734278314c39335a727571724b36757569414964536e54494b4b504c5046637661793877772f48682b7566657a6e5458753439763935494d6f51473337383467595864547176526d716e2f5770612f4144465835384d57334c3731535655394554674549515151494f4f7a75622b66684976775052446765566a574461684941414141415355564f524b35435949493d),
(12, 'asdfghjkl', 'asdf@asdf.c', '$2y$10$x2LLT.eMeg2GLhLbyuMQPej', 0, NULL, NULL, NULL, NULL, NULL, NULL, NULL, NULL, NULL),
(13, 'attain938', 'attain938@gmail.com', '$2y$10$W7.yEU/8k0eskpDi6fXwA.nGVB6R8BsLM.0QW5tFajdeQ5XQvjXIK', 0, 'albert', 'tan', '0192718776', NULL, NULL, NULL, NULL, NULL, NULL),
(14, 'qwerty', 'attain938@gmail.com', '$2y$10$abaJFbZl5WQg94pH9opEUO6iXv8MPWFClyOIaBBl89pzVRLHPwyNu', 0, 'albert', 'tan', '0192718776', NULL, NULL, NULL, NULL, NULL, NULL),
(15, 'bruh', 'bruh@gmail.com', '$2y$10$.XhCbAqX8Px.b6H4a0lbDOak3LikP5z8kh44FDX5lyOZ1BJ9CajXi', 0, 'bruh', 'bruh', '0192718776', NULL, NULL, NULL, NULL, NULL, NULL),
(16, 'bruh1', 'bruh1@gmail.com', '$2y$10$WQk/71.dJdqjEJKtwRvqn.S34VXBKEUMsXEHmtCYXLMzZz3kl6Jry', 0, 'Bruh', 'Bruh', '0192718776', NULL, NULL, NULL, NULL, NULL, NULL),
(17, 'test', 'test@gmail.com', '$2y$10$.6P8SlEY4xFUJ7cIOLh6JufVyeGAIm0s8h6RZ5lbbqndc8qP/Qnl2', 0, 'Albert', 'Tan', '0192718776', NULL, NULL, NULL, NULL, NULL, NULL);

--
-- Indexes for dumped tables
--

--
-- Indexes for table `questions`
--
ALTER TABLE `questions`
  ADD PRIMARY KEY (`QuestionID`),
  ADD KEY `QuizID` (`QuizID`);

--
-- Indexes for table `quiz`
--
ALTER TABLE `quiz`
  ADD PRIMARY KEY (`QuizID`),
  ADD KEY `author` (`author`),
  ADD KEY `categoryID` (`categoryID`);

--
-- Indexes for table `subjects`
--
ALTER TABLE `subjects`
  ADD PRIMARY KEY (`categoryID`);

--
-- Indexes for table `user_answer`
--
ALTER TABLE `user_answer`
  ADD PRIMARY KEY (`AnswerID`),
  ADD KEY `UID` (`UID`),
  ADD KEY `QuizID` (`QuizID`);

--
-- Indexes for table `user_info`
--
ALTER TABLE `user_info`
  ADD PRIMARY KEY (`UID`);

--
-- AUTO_INCREMENT for dumped tables
--

--
-- AUTO_INCREMENT for table `questions`
--
ALTER TABLE `questions`
  MODIFY `QuestionID` int(5) NOT NULL AUTO_INCREMENT, AUTO_INCREMENT=60;

--
-- AUTO_INCREMENT for table `quiz`
--
ALTER TABLE `quiz`
  MODIFY `QuizID` int(5) NOT NULL AUTO_INCREMENT, AUTO_INCREMENT=34;

--
-- AUTO_INCREMENT for table `user_answer`
--
ALTER TABLE `user_answer`
  MODIFY `AnswerID` int(5) NOT NULL AUTO_INCREMENT, AUTO_INCREMENT=24;

--
-- AUTO_INCREMENT for table `user_info`
--
ALTER TABLE `user_info`
  MODIFY `UID` int(5) NOT NULL AUTO_INCREMENT, AUTO_INCREMENT=18;

--
-- Constraints for dumped tables
--

--
-- Constraints for table `questions`
--
ALTER TABLE `questions`
  ADD CONSTRAINT `questions_ibfk_1` FOREIGN KEY (`QuizID`) REFERENCES `quiz` (`QuizID`);

--
-- Constraints for table `quiz`
--
ALTER TABLE `quiz`
  ADD CONSTRAINT `quiz_ibfk_1` FOREIGN KEY (`author`) REFERENCES `user_info` (`UID`),
  ADD CONSTRAINT `quiz_ibfk_2` FOREIGN KEY (`categoryID`) REFERENCES `subjects` (`categoryID`);

--
-- Constraints for table `user_answer`
--
ALTER TABLE `user_answer`
  ADD CONSTRAINT `user_answer_ibfk_1` FOREIGN KEY (`UID`) REFERENCES `user_info` (`UID`),
  ADD CONSTRAINT `user_answer_ibfk_2` FOREIGN KEY (`QuizID`) REFERENCES `quiz` (`QuizID`);
COMMIT;

/*!40101 SET CHARACTER_SET_CLIENT=@OLD_CHARACTER_SET_CLIENT */;
/*!40101 SET CHARACTER_SET_RESULTS=@OLD_CHARACTER_SET_RESULTS */;
/*!40101 SET COLLATION_CONNECTION=@OLD_COLLATION_CONNECTION */;
